Name:,Date:,Played At:,Arm Length:,Speed[reps per min]:,Ideal Sample Rate [Hz]:,Targeted Arm,Targeted Therapy,Scene Name:
Bailey_10repPerMin_Trial1_2019-04-17,04-17-2019,01-23-26-PM,0.71,10,90,Left,CIMT,Forward Arm Raise

Time [s],Score,Rep,Butterfly Protected [0=false 1=weak 2=strong],Weak Arm X [m],Weak Arm Y [m],Weak Arm Z [m],Weak Arm X [°],Weak Arm [°],Weak Arm Z [°],Strong Arm X [m],Strong Arm Y [m],Strong Arm Z [m],Strong Arm X [°],Strong Arm Y [°],Strong Arm Z [°],Headset X [m],Headset Y [m],Headset Z [m],Headset X [°],Headset Y [°],Headset Z [°],Butterfly X [m],Butterfly Y [m],Butterfly Z [m],Tracker1 X [m],Tracker1 Y [m],Tracker1 Z [m],Tracker1 X [°],Tracker1 Y [°],Tracker1 Z [°],Tracker2 X [m],Tracker2 Y [m],Tracker2 Z [m],Tracker2 X [°],Tracker2 Y [°],Tracker2 Z [°],Tracker3 X [m],Tracker3 Y [m],Tracker3 Z [m],Tracker3 X [°],Tracker3 Y [°],Tracker3 Z [°],Tracker4 X [m],Tracker4 Y [m],Tracker4 Z [m],Tracker4 X [°],Tracker4 Y [°],Tracker4 Z [°],Tracker5 X [m],Tracker5 Y [m],Tracker5 Z [m],Tracker5 X [°],Tracker5 Y [°],Tracker5 Z [°],
0.021735,0,0,1,0.5410785,0.9682866,0.06136587,0.09244835,-0.7294098,0.1246791,0.4470677,1.014213,-0.1840961,0.109779,0.6388174,0.2537077,0.09653777,1.618627,-0.08611397,0.03221346,0.7062321,-0.006950057,0.4563597,0.8065584,-0.08611397,0.29,0.37,0,0,-0.7071068,0,0.29,0.37,0,0,-0.7071068,0,0.29,0.37,0,0,-0.7071068,0,0.29,0.37,0,0,-0.7071068,0,0.29,0.37,0,0,-0.7071068,0
0.0333567,0,0,1,0.5410696,0.9682797,0.06136587,0.09240064,-0.7294341,0.1246374,0.4470609,1.014214,-0.1840359,0.1098245,0.6387614,0.2538178,0.09657812,1.618607,-0.08608955,0.03228418,0.7062029,-0.007033467,0.4611858,0.809377,-0.08608955,0.29,0.37,0,0,-0.7071068,0,0.29,0.37,0,0,-0.7071068,0,0.29,0.37,0,0,-0.7071068,0,0.29,0.37,0,0,-0.7071068,0,0.29,0.37,0,0,-0.7071068,0
0.0549559,0,0,1,0.5410323,0.9682765,0.0613462,0.09243875,-0.7293802,0.1244859,0.4470428,1.014251,-0.1840213,0.1098842,0.6386534,0.2539833,0.09661385,1.618585,-0.08596747,0.03241367,0.706245,-0.007015505,0.4705879,0.8150594,-0.08596747,0.29,0.37,0,0,-0.7071068,0,0.29,0.37,0,0,-0.7071068,0,0.29,0.37,0,0,-0.7071068,0,0.29,0.37,0,0,-0.7071068,0,0.29,0.37,0,0,-0.7071068,0
0.0666838,0,0,1,0.5410168,0.9682915,0.06137505,0.09244316,-0.7293422,0.1243897,0.4470485,1.014256,-0.1840149,0.1098899,0.6386416,0.2540716,0.0966506,1.618566,-0.08591687,0.03245415,0.70627,-0.00696882,0.4752815,0.8179511,-0.08591687,0.29,0.37,0,0,-0.7071068,0,0.29,0.37,0,0,-0.7071068,0,0.29,0.37,0,0,-0.7071068,0,0.29,0.37,0,0,-0.7071068,0,0.29,0.37,0,0,-0.7071068,0
0.0883008,0,0,1,0.5409296,0.9682599,0.06148222,0.0924438,-0.7292284,0.124152,0.4470661,1.014201,-0.1840663,0.1100625,0.638649,0.2539755,0.09666213,1.618554,-0.08579352,0.03264797,0.7062292,-0.00694466,0.4845664,0.823886,-0.08579352,0.29,0.37,0,0,-0.7071068,0,0.29,0.37,0,0,-0.7071068,0,0.29,0.37,0,0,-0.7071068,0,0.29,0.37,0,0,-0.7071068,0,0.29,0.37,0,0,-0.7071068,0
0.09980451,0,0,1,0.541009,0.9683884,0.06150237,0.09239735,-0.7291318,0.1240487,0.4470971,1.014187,-0.1840931,0.1100305,0.6386884,0.2539654,0.09669498,1.618549,-0.08574901,0.0327892,0.7061676,-0.007004204,0.4891968,0.8269053,-0.08574901,0.29,0.37,0,0,-0.7071068,0,0.29,0.37,0,0,-0.7071068,0,0.29,0.37,0,0,-0.7071068,0,0.29,0.37,0,0,-0.7071068,0,0.29,0.37,0,0,-0.7071068,0
0.1221042,0,0,1,0.5410323,0.968456,0.06159118,0.09217553,-0.7290477,0.1238903,0.4470742,1.014244,-0.1840756,0.1100606,0.6387274,0.2538434,0.0967434,1.618508,-0.08562505,0.0329865,0.7061552,-0.006937895,0.4983859,0.8330313,-0.08562505,0.29,0.37,0,0,-0.7071068,0,0.29,0.37,0,0,-0.7071068,0,0.29,0.37,0,0,-0.7071068,0,0.29,0.37,0,0,-0.7071068,0,0.29,0.37,0,0,-0.7071068,0
0.1334469,0,0,1,0.5410483,0.9684331,0.06160083,0.09216607,-0.7290605,0.123775,0.4470641,1.014221,-0.1840603,0.1100962,0.6387778,0.2538438,0.09676716,1.618509,-0.08560469,0.03315731,0.706107,-0.006918608,0.5031138,0.8362872,-0.08560469,0.29,0.37,0,0,-0.7071068,0,0.29,0.37,0,0,-0.7071068,0,0.29,0.37,0,0,-0.7071068,0,0.29,0.37,0,0,-0.7071068,0,0.29,0.37,0,0,-0.7071068,0
0.1549392,0,0,1,0.5410118,0.9684652,0.06165448,0.09204336,-0.7290019,0.1236178,0.4470912,1.014181,-0.184055,0.1101003,0.6387143,0.2539604,0.09686741,1.618459,-0.08546161,0.03321662,0.7060403,-0.006822336,0.5121301,0.8425627,-0.08546161,0.29,0.37,0,0,-0.7071068,0,0.29,0.37,0,0,-0.7071068,0,0.29,0.37,0,0,-0.7071068,0,0.29,0.37,0,0,-0.7071068,0,0.29,0.37,0,0,-0.7071068,0
0.1670568,0,0,1,0.5409974,0.9684675,0.06170121,0.09199599,-0.7289529,0.1234703,0.4470707,1.014202,-0.1840356,0.1100737,0.6386916,0.254077,0.09689063,1.61846,-0.08542331,0.03330501,0.7059582,-0.006785475,0.5164691,0.8456998,-0.08542331,0.29,0.37,0,0,-0.7071068,0,0.29,0.37,0,0,-0.7071068,0,0.29,0.37,0,0,-0.7071068,0,0.29,0.37,0,0,-0.7071068,0,0.29,0.37,0,0,-0.7071068,0
0.1883635,0,0,1,0.5409777,0.9684622,0.06171289,0.09185246,-0.728938,0.1233149,0.4470132,1.014235,-0.1839874,0.1101565,0.6385415,0.2541971,0.0969179,1.618459,-0.08532985,0.03342419,0.7057809,-0.006722136,0.5253457,0.8522876,-0.08532985,0.29,0.37,0,0,-0.7071068,0,0.29,0.37,0,0,-0.7071068,0,0.29,0.37,0,0,-0.7071068,0,0.29,0.37,0,0,-0.7071068,0,0.29,0.37,0,0,-0.7071068,0
0.2000506,0,0,1,0.5410046,0.9684999,0.06176952,0.09181364,-0.7289551,0.1232959,0.447033,1.014222,-0.1839861,0.1101717,0.638548,0.2542028,0.09694564,1.618445,-0.08528847,0.03350401,0.7056505,-0.006608528,0.5297671,0.8556257,-0.08528847,0.29,0.37,0,0,-0.7071068,0,0.29,0.37,0,0,-0.7071068,0,0.29,0.37,0,0,-0.7071068,0,0.29,0.37,0,0,-0.7071068,0,0.29,0.37,0,0,-0.7071068,0
0.2216556,0,0,1,0.5410106,0.9685104,0.06186274,0.09184901,-0.7289097,0.1231857,0.4470738,1.014221,-0.1839663,0.1102531,0.638545,0.2541998,0.09698379,1.618476,-0.08514822,0.03359031,0.7055298,-0.006617256,0.5386068,0.8625365,-0.08514822,0.29,0.37,0,0,-0.7071068,0,0.29,0.37,0,0,-0.7071068,0,0.29,0.37,0,0,-0.7071068,0,0.29,0.37,0,0,-0.7071068,0,0.29,0.37,0,0,-0.7071068,0
0.2335272,0,0,1,0.5409952,0.9685222,0.06185535,0.09190419,-0.7288645,0.1231046,0.4470618,1.014179,-0.1839386,0.1102609,0.6385749,0.2541367,0.09682226,1.618443,-0.08508768,0.03359894,0.7054611,-0.006454615,0.5426003,0.8658296,-0.08508768,0.29,0.37,0,0,-0.7071068,0,0.29,0.37,0,0,-0.7071068,0,0.29,0.37,0,0,-0.7071068,0,0.29,0.37,0,0,-0.7071068,0,0.29,0.37,0,0,-0.7071068,0
0.2551257,0,0,1,0.5409015,0.9684496,0.06191805,0.09190988,-0.7288107,0.1230337,0.4470575,1.014156,-0.1839719,0.1101442,0.6386068,0.2541113,0.09679207,1.618463,-0.08504698,0.03372187,0.705403,-0.006356174,0.5511898,0.8729146,-0.08504698,0.29,0.37,0,0,-0.7071068,0,0.29,0.37,0,0,-0.7071068,0,0.29,0.37,0,0,-0.7071068,0,0.29,0.37,0,0,-0.7071068,0,0.29,0.37,0,0,-0.7071068,0
0.2667573,0,0,1,0.5408953,0.9684459,0.06195787,0.09176408,-0.7287847,0.1229281,0.4470556,1.014157,-0.1839638,0.1101518,0.6386193,0.2540873,0.09674478,1.618464,-0.08501769,0.03365501,0.7053944,-0.006338173,0.5553062,0.8764111,-0.08501769,0.29,0.37,0,0,-0.7071068,0,0.29,0.37,0,0,-0.7071068,0,0.29,0.37,0,0,-0.7071068,0,0.29,0.37,0,0,-0.7071068,0,0.29,0.37,0,0,-0.7071068,0
0.2883274,0,0,1,0.5409115,0.9685296,0.06202355,0.09169026,-0.7287008,0.1228677,0.4470101,1.014113,-0.1839734,0.1101214,0.6385664,0.2541973,0.09671888,1.618527,-0.08490735,0.03377686,0.705424,-0.006245716,0.563561,0.8835887,-0.08490735,0.29,0.37,0,0,-0.7071068,0,0.29,0.37,0,0,-0.7071068,0,0.29,0.37,0,0,-0.7071068,0,0.29,0.37,0,0,-0.7071068,0,0.29,0.37,0,0,-0.7071068,0
0.3002639,0,0,1,0.5409397,0.968605,0.06201842,0.09166293,-0.7287386,0.1228604,0.4469778,1.014111,-0.1839321,0.1101374,0.6385189,0.2542666,0.09669998,1.618529,-0.08488441,0.03371235,0.7054027,-0.006113262,0.5676951,0.8872441,-0.08488441,0.29,0.37,0,0,-0.7071068,0,0.29,0.37,0,0,-0.7071068,0,0.29,0.37,0,0,-0.7071068,0,0.29,0.37,0,0,-0.7071068,0,0.29,0.37,0,0,-0.7071068,0
0.3217085,0,0,1,0.5409318,0.9686638,0.06205383,0.09161806,-0.7287026,0.1227103,0.4469439,1.014158,-0.183893,0.1101598,0.6384149,0.2543687,0.09667787,1.618547,-0.08484977,0.03371943,0.7054434,-0.00605739,0.5758826,0.8946546,-0.08484977,0.29,0.37,0,0,-0.7071068,0,0.29,0.37,0,0,-0.7071068,0,0.29,0.37,0,0,-0.7071068,0,0.29,0.37,0,0,-0.7071068,0,0.29,0.37,0,0,-0.7071068,0
0.3330906,0,0,1,0.5409461,0.9685781,0.06206456,0.09155555,-0.7286658,0.1226396,0.4469352,1.014206,-0.1839073,0.1101877,0.6383767,0.2543509,0.0966672,1.618577,-0.08482928,0.03376627,0.7054663,-0.006058386,0.5799085,0.8984061,-0.08482928,0.29,0.37,0,0,-0.7071068,0,0.29,0.37,0,0,-0.7071068,0,0.29,0.37,0,0,-0.7071068,0,0.29,0.37,0,0,-0.7071068,0,0.29,0.37,0,0,-0.7071068,0
0.3549627,0,0,1,0.5410388,0.9686122,0.06206504,0.09158039,-0.7286043,0.1226746,0.4469597,1.014237,-0.1839182,0.1101753,0.6384751,0.25427,0.09663534,1.618594,-0.08476214,0.03377528,0.7054833,-0.005930609,0.5878262,0.905923,-0.08476214,0.29,0.37,0,0,-0.7071068,0,0.29,0.37,0,0,-0.7071068,0,0.29,0.37,0,0,-0.7071068,0,0.29,0.37,0,0,-0.7071068,0,0.29,0.37,0,0,-0.7071068,0
0.3666105,1,0,1,0.5410309,0.9686279,0.06208137,0.09159556,-0.7285915,0.1226168,0.4469578,1.014252,-0.1839388,0.1101521,0.6384982,0.2542045,0.09660792,1.618625,-0.08471994,0.03378861,0.7054291,-0.005900525,0.5917881,0.9098063,-0.08471994,0.29,0.37,0,0,-0.7071068,0,0.29,0.37,0,0,-0.7071068,0,0.29,0.37,0,0,-0.7071068,0,0.29,0.37,0,0,-0.7071068,0,0.29,0.37,0,0,-0.7071068,0
0.3882578,1,0,1,0.5410548,0.968672,0.06201723,0.09161828,-0.7285256,0.1225539,0.4470453,1.014217,-0.1839683,0.1101457,0.6385586,0.2541231,0.09658346,1.618653,-0.0846586,0.03373308,0.7054278,-0.005894702,0.5996339,0.917614,-0.0846586,0.29,0.37,0,0,-0.7071068,0,0.29,0.37,0,0,-0.7071068,0,0.29,0.37,0,0,-0.7071068,0,0.29,0.37,0,0,-0.7071068,0,0.29,0.37,0,0,-0.7071068,0
0.3998202,1,0,1,0.5410332,0.9686471,0.06210092,0.09156507,-0.7285103,0.1225925,0.4470525,1.014199,-0.1840041,0.1101445,0.6385415,0.2542194,0.09656489,1.618675,-0.08463701,0.03380594,0.7054473,-0.005889051,0.6034316,0.9214963,-0.08463701,0.29,0.37,0,0,-0.7071068,0,0.29,0.37,0,0,-0.7071068,0,0.29,0.37,0,0,-0.7071068,0,0.29,0.37,0,0,-0.7071068,0,0.29,0.37,0,0,-0.7071068,0
0.421823,1,0,1,0.541035,0.9687167,0.06213763,0.09168874,-0.7284623,0.1224282,0.4470541,1.014195,-0.1840198,0.1101988,0.6385413,0.2542867,0.09653425,1.618709,-0.08460008,0.03374097,0.7054385,-0.005894063,0.611038,0.9294384,-0.08460008,0.29,0.37,0,0,-0.7071068,0,0.29,0.37,0,0,-0.7071068,0,0.29,0.37,0,0,-0.7071068,0,0.29,0.37,0,0,-0.7071068,0,0.29,0.37,0,0,-0.7071068,0
0.4331839,1,0,1,0.5410666,0.9687355,0.06214991,0.09161035,-0.7284393,0.1224142,0.4470602,1.014177,-0.1839844,0.1102531,0.6384758,0.2543126,0.096614,1.618682,-0.08463585,0.03385682,0.7054664,-0.00589405,0.614985,0.9335099,-0.08463585,0.29,0.37,0,0,-0.7071068,0,0.29,0.37,0,0,-0.7071068,0,0.29,0.37,0,0,-0.7071068,0,0.29,0.37,0,0,-0.7071068,0,0.29,0.37,0,0,-0.7071068,0
0.4549494,1,0,1,0.5410334,0.9687532,0.06210557,0.09169657,-0.7283949,0.122335,0.4470631,1.014135,-0.1839123,0.1102441,0.6383941,0.2544757,0.09659702,1.618649,-0.08458402,0.03382289,0.7054506,-0.005828477,0.6223735,0.9415129,-0.08458402,0.29,0.37,0,0,-0.7071068,0,0.29,0.37,0,0,-0.7071068,0,0.29,0.37,0,0,-0.7071068,0,0.29,0.37,0,0,-0.7071068,0,0.29,0.37,0,0,-0.7071068,0
0.4667566,1,0,1,0.5410283,0.9687642,0.06212941,0.09162249,-0.7283325,0.1222692,0.4470814,1.014185,-0.1839453,0.110175,0.6384161,0.2544535,0.09657103,1.618674,-0.0845761,0.03388162,0.7054067,-0.005870105,0.6260172,0.9456131,-0.0845761,0.29,0.37,0,0,-0.7071068,0,0.29,0.37,0,0,-0.7071068,0,0.29,0.37,0,0,-0.7071068,0,0.29,0.37,0,0,-0.7071068,0,0.29,0.37,0,0,-0.7071068,0
0.4881467,1,0,1,0.5410308,0.9687406,0.0621976,0.091576,-0.7282901,0.1222188,0.4470653,1.014106,-0.183988,0.1102121,0.6384415,0.2544159,0.09656891,1.618652,-0.08461402,0.03388955,0.7054003,-0.005883463,0.6332486,0.9538137,-0.08461402,0.29,0.37,0,0,-0.7071068,0,0.29,0.37,0,0,-0.7071068,0,0.29,0.37,0,0,-0.7071068,0,0.29,0.37,0,0,-0.7071068,0,0.29,0.37,0,0,-0.7071068,0
0.4996601,1,0,1,0.5410293,0.96873,0.06222573,0.091528,-0.7282569,0.1222466,0.4470772,1.014102,-0.1840055,0.1101932,0.6385024,0.2543283,0.09655869,1.618657,-0.08460625,0.03382642,0.7053761,-0.005857036,0.63682,0.9579858,-0.08460625,0.29,0.37,0,0,-0.7071068,0,0.29,0.37,0,0,-0.7071068,0,0.29,0.37,0,0,-0.7071068,0,0.29,0.37,0,0,-0.7071068,0,0.29,0.37,0,0,-0.7071068,0
0.5108708,1,0,1,0.5409874,0.9687569,0.06223062,0.0914921,-0.7282302,0.1221879,0.4470798,1.014119,-0.184019,0.1102156,0.6385029,0.254353,0.09657454,1.618679,-0.08457635,0.03384392,0.7053631,-0.005853989,0.6405193,0.9623636,-0.08457635,0.29,0.37,0,0,-0.7071068,0,0.29,0.37,0,0,-0.7071068,0,0.29,0.37,0,0,-0.7071068,0,0.29,0.37,0,0,-0.7071068,0,0.29,0.37,0,0,-0.7071068,0
0.5332335,1,0,1,0.5409613,0.9687989,0.06226364,0.09147072,-0.7282216,0.1220347,0.4470362,1.014138,-0.1840401,0.1102039,0.6385658,0.2544014,0.09655032,1.618651,-0.08456291,0.03377283,0.7053489,-0.005882801,0.6474516,0.9707583,-0.08456291,0.29,0.37,0,0,-0.7071068,0,0.29,0.37,0,0,-0.7071068,0,0.29,0.37,0,0,-0.7071068,0,0.29,0.37,0,0,-0.7071068,0,0.29,0.37,0,0,-0.7071068,0
0.5548747,1,0,1,0.540947,0.9688056,0.06235066,0.09137837,-0.7281158,0.1219925,0.4470008,1.014142,-0.1840238,0.1102052,0.638523,0.2544916,0.09654185,1.618636,-0.08451622,0.03375069,0.7053463,-0.005901982,0.6543668,0.9793969,-0.08451622,0.29,0.37,0,0,-0.7071068,0,0.29,0.37,0,0,-0.7071068,0,0.29,0.37,0,0,-0.7071068,0,0.29,0.37,0,0,-0.7071068,0,0.29,0.37,0,0,-0.7071068,0
0.56626,1,0,1,0.5409299,0.9688176,0.06236747,0.09136538,-0.7281087,0.1219035,0.4469935,1.01415,-0.1840167,0.1101946,0.6384882,0.2545473,0.09656137,1.618644,-0.08456382,0.03380845,0.7053484,-0.005827564,0.6576788,0.9836181,-0.08456382,0.29,0.37,0,0,-0.7071068,0,0.29,0.37,0,0,-0.7071068,0,0.29,0.37,0,0,-0.7071068,0,0.29,0.37,0,0,-0.7071068,0,0.29,0.37,0,0,-0.7071068,0
0.5888454,1,0,1,0.5409668,0.9688359,0.06242242,0.09129046,-0.7280785,0.1218749,0.4470358,1.014196,-0.1839392,0.110294,0.6384365,0.2546206,0.0965645,1.61861,-0.08455602,0.03374926,0.7054312,-0.005870109,0.6643748,0.9923568,-0.08455602,0.29,0.37,0,0,-0.7071068,0,0.29,0.37,0,0,-0.7071068,0,0.29,0.37,0,0,-0.7071068,0,0.29,0.37,0,0,-0.7071068,0,0.29,0.37,0,0,-0.7071068,0
0.6000614,1,0,1,0.5409804,0.9687525,0.06243721,0.09132944,-0.7281432,0.1219338,0.4470416,1.014194,-0.1839415,0.1103292,0.6384642,0.2546192,0.09654766,1.618608,-0.08455223,0.03379342,0.7054511,-0.005868336,0.6678184,0.9970038,-0.08455223,0.29,0.37,0,0,-0.7071068,0,0.29,0.37,0,0,-0.7071068,0,0.29,0.37,0,0,-0.7071068,0,0.29,0.37,0,0,-0.7071068,0,0.29,0.37,0,0,-0.7071068,0
0.6216041,1,0,1,0.5409679,0.9688076,0.06249729,0.09134035,-0.7281023,0.1219179,0.447033,1.014195,-0.1838844,0.1102206,0.6384512,0.2546108,0.09654728,1.618572,-0.0845587,0.03376181,0.7054884,-0.005768878,0.674145,1.005679,-0.0845587,0.29,0.37,0,0,-0.7071068,0,0.29,0.37,0,0,-0.7071068,0,0.29,0.37,0,0,-0.7071068,0,0.29,0.37,0,0,-0.7071068,0,0.29,0.37,0,0,-0.7071068,0
0.63381,1,0,1,0.5409538,0.9688535,0.06242207,0.0914834,-0.7281147,0.1219286,0.4470298,1.014194,-0.1839276,0.1101784,0.6384575,0.2545214,0.09651926,1.618592,-0.08454847,0.03373981,0.7055736,-0.005708029,0.677277,1.010155,-0.08454847,0.29,0.37,0,0,-0.7071068,0,0.29,0.37,0,0,-0.7071068,0,0.29,0.37,0,0,-0.7071068,0,0.29,0.37,0,0,-0.7071068,0,0.29,0.37,0,0,-0.7071068,0
0.6543434,1,0,1,0.541022,0.9689064,0.06238702,0.09149347,-0.7280522,0.1219211,0.4470786,1.014151,-0.184047,0.110181,0.6385583,0.2542909,0.0965322,1.61858,-0.08454207,0.03371798,0.7055623,-0.005557755,0.6835064,1.019128,-0.08454207,0.29,0.37,0,0,-0.7071068,0,0.29,0.37,0,0,-0.7071068,0,0.29,0.37,0,0,-0.7071068,0,0.29,0.37,0,0,-0.7071068,0,0.29,0.37,0,0,-0.7071068,0
0.6662476,1,0,1,0.5410156,0.968897,0.06238511,0.09147005,-0.7280192,0.1220013,0.4470859,1.014172,-0.1840747,0.1101553,0.6386377,0.2543066,0.09653971,1.618585,-0.08454406,0.03369782,0.7055839,-0.005600984,0.6864758,1.023521,-0.08454406,0.29,0.37,0,0,-0.7071068,0,0.29,0.37,0,0,-0.7071068,0,0.29,0.37,0,0,-0.7071068,0,0.29,0.37,0,0,-0.7071068,0,0.29,0.37,0,0,-0.7071068,0
0.6877617,1,0,1,0.540942,0.9688851,0.06238857,0.09161574,-0.7280737,0.1220375,0.4470394,1.014174,-0.1840209,0.1100589,0.6385744,0.2543516,0.09652668,1.618557,-0.08455012,0.03373813,0.7054895,-0.005522755,0.6925383,1.03272,-0.08455012,0.29,0.37,0,0,-0.7071068,0,0.29,0.37,0,0,-0.7071068,0,0.29,0.37,0,0,-0.7071068,0,0.29,0.37,0,0,-0.7071068,0,0.29,0.37,0,0,-0.7071068,0
0.6994858,1,0,1,0.5409272,0.9689119,0.06237426,0.091744,-0.7280719,0.1220322,0.447015,1.014196,-0.1839869,0.1100102,0.6384916,0.2544023,0.09653333,1.618554,-0.08453792,0.03372782,0.7054712,-0.005599515,0.6955205,1.037353,-0.08453792,0.29,0.37,0,0,-0.7071068,0,0.29,0.37,0,0,-0.7071068,0,0.29,0.37,0,0,-0.7071068,0,0.29,0.37,0,0,-0.7071068,0,0.29,0.37,0,0,-0.7071068,0
0.7211053,1,0,1,0.540943,0.9690078,0.06230047,0.09204343,-0.7281118,0.122107,0.4470327,1.014243,-0.1839719,0.1099296,0.6384606,0.2545242,0.09664711,1.61863,-0.08453044,0.03363625,0.7054355,-0.005470454,0.7014285,1.04669,-0.08453044,0.29,0.37,0,0,-0.7071068,0,0.29,0.37,0,0,-0.7071068,0,0.29,0.37,0,0,-0.7071068,0,0.29,0.37,0,0,-0.7071068,0,0.29,0.37,0,0,-0.7071068,0
0.7327617,1,0,1,0.5409011,0.9690088,0.06230083,0.09208831,-0.7281165,0.1221355,0.4470267,1.014209,-0.1840112,0.1099675,0.6385305,0.25448,0.09666318,1.618638,-0.08451971,0.03343006,0.7054566,-0.005611769,0.7043566,1.051475,-0.08451971,0.29,0.37,0,0,-0.7071068,0,0.29,0.37,0,0,-0.7071068,0,0.29,0.37,0,0,-0.7071068,0,0.29,0.37,0,0,-0.7071068,0,0.29,0.37,0,0,-0.7071068,0
0.7543626,2,0,1,0.5409083,0.9689869,0.0623664,0.09204326,-0.7280551,0.1222186,0.4470837,1.014211,-0.1840782,0.1099863,0.6387393,0.2542428,0.09674361,1.618639,-0.08450259,0.03333503,0.7054288,-0.005732778,0.7100974,1.061012,-0.08450259,0.29,0.37,0,0,-0.7071068,0,0.29,0.37,0,0,-0.7071068,0,0.29,0.37,0,0,-0.7071068,0,0.29,0.37,0,0,-0.7071068,0,0.29,0.37,0,0,-0.7071068,0
0.7661943,2,0,1,0.5408968,0.9689935,0.06237116,0.09210843,-0.7280404,0.122261,0.4470938,1.014213,-0.184077,0.1100273,0.6387461,0.2541809,0.09677538,1.618643,-0.08449622,0.03344842,0.7054839,-0.005825805,0.7128249,1.06568,-0.08449622,0.29,0.37,0,0,-0.7071068,0,0.29,0.37,0,0,-0.7071068,0,0.29,0.37,0,0,-0.7071068,0,0.29,0.37,0,0,-0.7071068,0,0.29,0.37,0,0,-0.7071068,0
0.7876127,2,0,1,0.5409028,0.9689751,0.06237891,0.09207238,-0.7280722,0.1222867,0.4470758,1.014192,-0.1839664,0.1101721,0.6385741,0.2542822,0.09684122,1.618607,-0.08448293,0.03357814,0.7055946,-0.005927376,0.7182891,1.075238,-0.08448293,0.29,0.37,0,0,-0.7071068,0,0.29,0.37,0,0,-0.7071068,0,0.29,0.37,0,0,-0.7071068,0,0.29,0.37,0,0,-0.7071068,0,0.29,0.37,0,0,-0.7071068,0
0.7992274,2,0,1,0.5409319,0.9689466,0.06230918,0.09201407,-0.7280636,0.1222496,0.4470459,1.014188,-0.1839453,0.1101872,0.6385107,0.2544572,0.09686846,1.618572,-0.08447463,0.03360442,0.70566,-0.005962727,0.7209406,1.079995,-0.08447463,0.29,0.37,0,0,-0.7071068,0,0.29,0.37,0,0,-0.7071068,0,0.29,0.37,0,0,-0.7071068,0,0.29,0.37,0,0,-0.7071068,0,0.29,0.37,0,0,-0.7071068,0
0.8209087,2,0,1,0.5408933,0.9689029,0.06230214,0.09203757,-0.7281339,0.1221991,0.4470276,1.014282,-0.1839378,0.1100407,0.6384456,0.2545685,0.0968599,1.618497,-0.0845077,0.03378735,0.7057737,-0.006073857,0.7261593,1.089738,-0.0845077,0.29,0.37,0,0,-0.7071068,0,0.29,0.37,0,0,-0.7071068,0,0.29,0.37,0,0,-0.7071068,0,0.29,0.37,0,0,-0.7071068,0,0.29,0.37,0,0,-0.7071068,0
0.83272,2,0,1,0.5409724,0.9690113,0.062323,0.09197271,-0.7281038,0.1221895,0.4470131,1.014278,-0.1839847,0.1099921,0.6384986,0.2544827,0.09687459,1.618487,-0.08460639,0.03388119,0.7057865,-0.006149448,0.7286438,1.0945,-0.08460639,0.29,0.37,0,0,-0.7071068,0,0.29,0.37,0,0,-0.7071068,0,0.29,0.37,0,0,-0.7071068,0,0.29,0.37,0,0,-0.7071068,0,0.29,0.37,0,0,-0.7071068,0
0.854314,2,0,1,0.5409667,0.9691144,0.06233612,0.09206118,-0.7280852,0.122001,0.4470492,1.014331,-0.1840362,0.1098785,0.6386376,0.254161,0.09685943,1.618497,-0.084579,0.03387024,0.7058569,-0.006195601,0.7336829,1.10456,-0.084579,0.29,0.37,0,0,-0.7071068,0,0.29,0.37,0,0,-0.7071068,0,0.29,0.37,0,0,-0.7071068,0,0.29,0.37,0,0,-0.7071068,0,0.29,0.37,0,0,-0.7071068,0
0.8658029,2,0,1,0.5409481,0.9691148,0.06240824,0.09205861,-0.7280317,0.1218808,0.4470484,1.014346,-0.1840625,0.1098388,0.6387025,0.2541604,0.09683123,1.61849,-0.08453322,0.03388956,0.7058476,-0.006279153,0.7359801,1.109315,-0.08453322,0.29,0.37,0,0,-0.7071068,0,0.29,0.37,0,0,-0.7071068,0,0.29,0.37,0,0,-0.7071068,0,0.29,0.37,0,0,-0.7071068,0,0.29,0.37,0,0,-0.7071068,0
0.8878496,2,0,1,0.5408913,0.9692211,0.06245211,0.09210488,-0.7279274,0.1217607,0.4470702,1.014317,-0.184042,0.1098673,0.6387837,0.2542596,0.0967848,1.618444,-0.08451486,0.03385716,0.7058858,-0.006321594,0.7406806,1.119281,-0.08451486,0.29,0.37,0,0,-0.7071068,0,0.29,0.37,0,0,-0.7071068,0,0.29,0.37,0,0,-0.7071068,0,0.29,0.37,0,0,-0.7071068,0,0.29,0.37,0,0,-0.7071068,0
0.8992299,2,0,1,0.5408959,0.9691852,0.06240383,0.09223636,-0.7279185,0.1217572,0.4470676,1.014248,-0.1840751,0.1099092,0.638732,0.2544308,0.09675673,1.618451,-0.08451629,0.03400605,0.7058308,-0.00631303,0.7429647,1.124317,-0.08451629,0.29,0.37,0,0,-0.7071068,0,0.29,0.37,0,0,-0.7071068,0,0.29,0.37,0,0,-0.7071068,0,0.29,0.37,0,0,-0.7071068,0,0.29,0.37,0,0,-0.7071068,0
0.9211918,2,0,1,0.5408937,0.9691427,0.06239036,0.09229298,-0.7279006,0.1218784,0.4470126,1.014254,-0.183976,0.1100752,0.6385701,0.2547036,0.09671766,1.618436,-0.08449242,0.03410874,0.7058742,-0.006280908,0.7473567,1.134238,-0.08449242,0.29,0.37,0,0,-0.7071068,0,0.29,0.37,0,0,-0.7071068,0,0.29,0.37,0,0,-0.7071068,0,0.29,0.37,0,0,-0.7071068,0,0.29,0.37,0,0,-0.7071068,0
0.9326236,2,0,1,0.5408313,0.9690807,0.06235996,0.09231568,-0.7279112,0.1219735,0.4469869,1.0142,-0.1839694,0.1100863,0.6385755,0.2547039,0.09668317,1.618461,-0.08446883,0.03417758,0.7058424,-0.0062823,0.7495589,1.139439,-0.08446883,0.29,0.37,0,0,-0.7071068,0,0.29,0.37,0,0,-0.7071068,0,0.29,0.37,0,0,-0.7071068,0,0.29,0.37,0,0,-0.7071068,0,0.29,0.37,0,0,-0.7071068,0
0.9545689,2,0,1,0.5407944,0.9690671,0.06230715,0.09236886,-0.7278569,0.1220533,0.4469387,1.014171,-0.184035,0.110075,0.6386023,0.254736,0.09660515,1.618464,-0.08443418,0.03401301,0.7058862,-0.006105483,0.7536987,1.149526,-0.08443418,0.29,0.37,0,0,-0.7071068,0,0.29,0.37,0,0,-0.7071068,0,0.29,0.37,0,0,-0.7071068,0,0.29,0.37,0,0,-0.7071068,0,0.29,0.37,0,0,-0.7071068,0
0.9661402,2,0,1,0.5407729,0.9690901,0.06230631,0.09241495,-0.7278329,0.1220164,0.446946,1.014139,-0.1840858,0.1101802,0.6387132,0.2546187,0.09657243,1.618493,-0.08443124,0.0340544,0.7058383,-0.006099953,0.7557688,1.15475,-0.08443124,0.29,0.37,0,0,-0.7071068,0,0.29,0.37,0,0,-0.7071068,0,0.29,0.37,0,0,-0.7071068,0,0.29,0.37,0,0,-0.7071068,0,0.29,0.37,0,0,-0.7071068,0
0.9874827,2,0,1,0.5407779,0.9691523,0.06239417,0.09242943,-0.7278125,0.1219119,0.4469618,1.0142,-0.1840784,0.1100297,0.638637,0.2544466,0.09647864,1.618531,-0.08444721,0.03387885,0.7058103,-0.005797518,0.7596555,1.164963,-0.08444721,0.29,0.37,0,0,-0.7071068,0,0.29,0.37,0,0,-0.7071068,0,0.29,0.37,0,0,-0.7071068,0,0.29,0.37,0,0,-0.7071068,0,0.29,0.37,0,0,-0.7071068,0
0.9995281,2,0,1,0.5408424,0.9691792,0.0624868,0.09233754,-0.7277868,0.1217901,0.4470456,1.014228,-0.1840575,0.1100155,0.6386953,0.2543288,0.09644714,1.618547,-0.08443787,0.03369771,0.705803,-0.005772676,0.7615264,1.170012,-0.08443787,0.29,0.37,0,0,-0.7071068,0,0.29,0.37,0,0,-0.7071068,0,0.29,0.37,0,0,-0.7071068,0,0.29,0.37,0,0,-0.7071068,0,0.29,0.37,0,0,-0.7071068,0
1.021055,2,0,1,0.5409214,0.9691767,0.06247666,0.09210446,-0.7277776,0.1217934,0.4470344,1.01419,-0.1840343,0.1100602,0.6387452,0.2543245,0.09640944,1.618614,-0.08446208,0.03356178,0.7057358,-0.005763706,0.7653806,1.180753,-0.08446208,0.29,0.37,0,0,-0.7071068,0,0.29,0.37,0,0,-0.7071068,0,0.29,0.37,0,0,-0.7071068,0,0.29,0.37,0,0,-0.7071068,0,0.29,0.37,0,0,-0.7071068,0
1.032803,2,0,1,0.5408902,0.9691155,0.0624707,0.0920069,-0.7278439,0.121736,0.4470251,1.014119,-0.1840257,0.1101235,0.638714,0.2543958,0.09638128,1.618633,-0.08442002,0.03343712,0.7057949,-0.005668329,0.7670997,1.185745,-0.08442002,0.29,0.37,0,0,-0.7071068,0,0.29,0.37,0,0,-0.7071068,0,0.29,0.37,0,0,-0.7071068,0,0.29,0.37,0,0,-0.7071068,0,0.29,0.37,0,0,-0.7071068,0
1.05453,2,0,1,0.5408928,0.9690871,0.0624415,0.09186962,-0.7278841,0.1217172,0.4470597,1.01415,-0.1839635,0.1103348,0.6386027,0.2546672,0.0963783,1.618709,-0.08441857,0.03329239,0.7058163,-0.005498737,0.7707049,1.196485,-0.08441857,0.29,0.37,0,0,-0.7071068,0,0.29,0.37,0,0,-0.7071068,0,0.29,0.37,0,0,-0.7071068,0,0.29,0.37,0,0,-0.7071068,0,0.29,0.37,0,0,-0.7071068,0
1.066163,2,0,1,0.5408984,0.9691052,0.06237403,0.09178159,-0.7278888,0.1217095,0.4470631,1.014185,-0.1839394,0.1103394,0.6385319,0.2548103,0.09637064,1.618768,-0.08442519,0.03324922,0.7058139,-0.005417074,0.7723454,1.201609,-0.08442519,0.29,0.37,0,0,-0.7071068,0,0.29,0.37,0,0,-0.7071068,0,0.29,0.37,0,0,-0.7071068,0,0.29,0.37,0,0,-0.7071068,0,0.29,0.37,0,0,-0.7071068,0
1.087742,2,0,1,0.5409346,0.9691331,0.06243268,0.09167367,-0.7278513,0.1217991,0.4470237,1.014201,-0.1839485,0.110361,0.6384946,0.2548171,0.09634703,1.618821,-0.08442093,0.0333792,0.7058999,-0.00530884,0.7756278,1.212236,-0.08442093,0.29,0.37,0,0,-0.7071068,0,0.29,0.37,0,0,-0.7071068,0,0.29,0.37,0,0,-0.7071068,0,0.29,0.37,0,0,-0.7071068,0,0.29,0.37,0,0,-0.7071068,0
1.099597,2,0,1,0.5409529,0.9691008,0.06241754,0.09167176,-0.7278368,0.1218491,0.44699,1.014205,-0.1839477,0.1103148,0.6385287,0.2547307,0.09634495,1.618826,-0.08441525,0.03331622,0.705916,-0.005313892,0.7771704,1.217389,-0.08441525,0.29,0.37,0,0,-0.7071068,0,0.29,0.37,0,0,-0.7071068,0,0.29,0.37,0,0,-0.7071068,0,0.29,0.37,0,0,-0.7071068,0,0.29,0.37,0,0,-0.7071068,0
1.121456,2,0,1,0.5409805,0.9690598,0.06239417,0.09166421,-0.7278468,0.121846,0.4470442,1.014137,-0.1839591,0.1101913,0.638595,0.2546172,0.09636161,1.618831,-0.08442927,0.03337869,0.7059423,-0.005332341,0.7802371,1.228005,-0.08442927,0.29,0.37,0,0,-0.7071068,0,0.29,0.37,0,0,-0.7071068,0,0.29,0.37,0,0,-0.7071068,0,0.29,0.37,0,0,-0.7071068,0,0.29,0.37,0,0,-0.7071068,0
1.132838,2,0,1,0.5410244,0.969064,0.06238762,0.09172879,-0.7278851,0.1217655,0.4470442,1.014152,-0.1839793,0.1101418,0.6386094,0.2545443,0.09637514,1.618845,-0.08440419,0.0334152,0.7059135,-0.005350963,0.7817505,1.233478,-0.08440419,0.29,0.37,0,0,-0.7071068,0,0.29,0.37,0,0,-0.7071068,0,0.29,0.37,0,0,-0.7071068,0,0.29,0.37,0,0,-0.7071068,0,0.29,0.37,0,0,-0.7071068,0
1.15473,3,0,1,0.5410309,0.9689999,0.06243327,0.09180585,-0.7279084,0.1217576,0.4470214,1.014155,-0.183972,0.1101767,0.6386164,0.2545436,0.09639052,1.618774,-0.08438566,0.03341626,0.7058671,-0.005453055,0.7845821,1.244153,-0.08438566,0.29,0.37,0,0,-0.7071068,0,0.29,0.37,0,0,-0.7071068,0,0.29,0.37,0,0,-0.7071068,0,0.29,0.37,0,0,-0.7071068,0,0.29,0.37,0,0,-0.7071068,0
1.166076,3,0,1,0.5410357,0.9689919,0.06238726,0.09186696,-0.727981,0.1217415,0.4470108,1.014144,-0.183964,0.1102316,0.6386206,0.2545837,0.09642172,1.618769,-0.08433739,0.03348453,0.7058633,-0.00549428,0.7859159,1.249365,-0.08433739,0.29,0.37,0,0,-0.7071068,0,0.29,0.37,0,0,-0.7071068,0,0.29,0.37,0,0,-0.7071068,0,0.29,0.37,0,0,-0.7071068,0,0.29,0.37,0,0,-0.7071068,0
1.188253,3,0,1,0.5409693,0.9690094,0.06237951,0.09178592,-0.7280363,0.121783,0.4469859,1.014178,-0.183912,0.1102102,0.6385596,0.2546736,0.09649408,1.618721,-0.0843048,0.03361462,0.7058133,-0.005578979,0.7885121,1.259942,-0.0843048,0.29,0.37,0,0,-0.7071068,0,0.29,0.37,0,0,-0.7071068,0,0.29,0.37,0,0,-0.7071068,0,0.29,0.37,0,0,-0.7071068,0,0.29,0.37,0,0,-0.7071068,0
1.210088,3,0,1,0.5410193,0.9690578,0.06238046,0.09177791,-0.7280298,0.1217481,0.4469811,1.014234,-0.1839897,0.1101765,0.6385561,0.2547897,0.09655178,1.618696,-0.08433345,0.03383095,0.7057908,-0.005815657,0.7909843,1.270834,-0.08433345,0.29,0.37,0,0,-0.7071068,0,0.29,0.37,0,0,-0.7071068,0,0.29,0.37,0,0,-0.7071068,0,0.29,0.37,0,0,-0.7071068,0,0.29,0.37,0,0,-0.7071068,0
1.221366,3,0,1,0.5410129,0.9690697,0.06243566,0.09175554,-0.727931,0.1217382,0.4469807,1.014242,-0.1839727,0.1101972,0.6385139,0.2547939,0.09658349,1.618682,-0.08432721,0.03390848,0.7058303,-0.00593721,0.7921053,1.276031,-0.08432721,0.29,0.37,0,0,-0.7071068,0,0.29,0.37,0,0,-0.7071068,0,0.29,0.37,0,0,-0.7071068,0,0.29,0.37,0,0,-0.7071068,0,0.29,0.37,0,0,-0.7071068,0
1.23296,3,0,1,0.5409307,0.9690508,0.06246975,0.09190539,-0.72794,0.1217166,0.4469749,1.014259,-0.183972,0.1101875,0.6385204,0.2548189,0.09661198,1.618664,-0.08434241,0.03393761,0.7057993,-0.006003384,0.7932348,1.28149,-0.08434241,0.29,0.37,0,0,-0.7071068,0,0.29,0.37,0,0,-0.7071068,0,0.29,0.37,0,0,-0.7071068,0,0.29,0.37,0,0,-0.7071068,0,0.29,0.37,0,0,-0.7071068,0
1.254428,3,0,1,0.5409151,0.969157,0.06248048,0.09192211,-0.727847,0.1216492,0.4469443,1.014264,-0.1839695,0.1102033,0.6385503,0.2547423,0.09670097,1.61862,-0.08435888,0.03405526,0.7058296,-0.006187497,0.7953846,1.292361,-0.08435888,0.29,0.37,0,0,-0.7071068,0,0.29,0.37,0,0,-0.7071068,0,0.29,0.37,0,0,-0.7071068,0,0.29,0.37,0,0,-0.7071068,0,0.29,0.37,0,0,-0.7071068,0
1.266232,3,0,1,0.5409088,0.9691421,0.06250706,0.09178489,-0.7278345,0.1216789,0.4469302,1.014269,-0.1839814,0.1101546,0.6385868,0.2546763,0.09675521,1.618598,-0.0843491,0.03416929,0.7058777,-0.006230653,0.796357,1.297531,-0.0843491,0.29,0.37,0,0,-0.7071068,0,0.29,0.37,0,0,-0.7071068,0,0.29,0.37,0,0,-0.7071068,0,0.29,0.37,0,0,-0.7071068,0,0.29,0.37,0,0,-0.7071068,0
1.28772,3,0,1,0.5409276,0.9691628,0.06248918,0.09174947,-0.7277913,0.1214961,0.446917,1.014256,-0.1839992,0.1102037,0.6386137,0.2545864,0.09681353,1.618557,-0.08429435,0.03419876,0.7058687,-0.006205732,0.7982113,1.30837,-0.08429435,0.29,0.37,0,0,-0.7071068,0,0.29,0.37,0,0,-0.7071068,0,0.29,0.37,0,0,-0.7071068,0,0.29,0.37,0,0,-0.7071068,0,0.29,0.37,0,0,-0.7071068,0
1.299083,3,0,1,0.5409294,0.9691426,0.06249371,0.09165782,-0.7278119,0.1215114,0.4469668,1.014193,-0.1840416,0.1101977,0.6386459,0.2545911,0.09683451,1.618551,-0.08428327,0.03425241,0.7058575,-0.006248114,0.7990597,1.313767,-0.08428327,0.29,0.37,0,0,-0.7071068,0,0.29,0.37,0,0,-0.7071068,0,0.29,0.37,0,0,-0.7071068,0,0.29,0.37,0,0,-0.7071068,0,0.29,0.37,0,0,-0.7071068,0
1.321154,3,0,1,0.5409794,0.9690562,0.06253508,0.09141879,-0.7277844,0.121457,0.4469784,1.014163,-0.1840043,0.1101812,0.6385597,0.2546967,0.09682643,1.618506,-0.08417168,0.03431371,0.7058408,-0.006329248,0.8005979,1.324667,-0.08417168,0.29,0.37,0,0,-0.7071068,0,0.29,0.37,0,0,-0.7071068,0,0.29,0.37,0,0,-0.7071068,0,0.29,0.37,0,0,-0.7071068,0,0.29,0.37,0,0,-0.7071068,0
1.332576,3,0,1,0.5409971,0.9690981,0.06256536,0.09137769,-0.7278073,0.1213509,0.4469858,1.014179,-0.1839993,0.1101453,0.6385106,0.2547941,0.09682891,1.618489,-0.08415026,0.0343074,0.7058175,-0.006252281,0.8013074,1.330115,-0.08415026,0.29,0.37,0,0,-0.7071068,0,0.29,0.37,0,0,-0.7071068,0,0.29,0.37,0,0,-0.7071068,0,0.29,0.37,0,0,-0.7071068,0,0.29,0.37,0,0,-0.7071068,0
1.354423,3,0,1,0.5410668,0.9690951,0.0626283,0.09137177,-0.7277689,0.1213584,0.4469537,1.014132,-0.1839223,0.1102183,0.638478,0.2548243,0.09687921,1.618417,-0.08417159,0.03435518,0.7057196,-0.006251818,0.8026546,1.34108,-0.08417159,0.29,0.37,0,0,-0.7071068,0,0.29,0.37,0,0,-0.7071068,0,0.29,0.37,0,0,-0.7071068,0,0.29,0.37,0,0,-0.7071068,0,0.29,0.37,0,0,-0.7071068,0
1.365976,3,0,1,0.5410709,0.9690731,0.06261387,0.0913589,-0.7278057,0.121413,0.4469529,1.014124,-0.1839207,0.1103061,0.638469,0.2548551,0.09688032,1.618443,-0.08411415,0.03442936,0.7057326,-0.00629969,0.8032203,1.346445,-0.08411415,0.29,0.37,0,0,-0.7071068,0,0.29,0.37,0,0,-0.7071068,0,0.29,0.37,0,0,-0.7071068,0,0.29,0.37,0,0,-0.7071068,0,0.29,0.37,0,0,-0.7071068,0
1.387864,3,0,1,0.540983,0.969028,0.06253138,0.0915356,-0.7278309,0.1215485,0.4469544,1.014134,-0.1839484,0.1102145,0.6385623,0.2546957,0.09690434,1.618463,-0.08411913,0.03450466,0.705673,-0.006266158,0.8042741,1.357406,-0.08411913,0.29,0.37,0,0,-0.7071068,0,0.29,0.37,0,0,-0.7071068,0,0.29,0.37,0,0,-0.7071068,0,0.29,0.37,0,0,-0.7071068,0,0.29,0.37,0,0,-0.7071068,0
1.399325,3,0,1,0.5409687,0.9689944,0.06250969,0.09155292,-0.7278396,0.1215673,0.4469971,1.014129,-0.1839903,0.1101827,0.6386295,0.2546505,0.09691957,1.61847,-0.08411676,0.03448169,0.7056317,-0.006443074,0.8047472,1.362972,-0.08411676,0.29,0.37,0,0,-0.7071068,0,0.29,0.37,0,0,-0.7071068,0,0.29,0.37,0,0,-0.7071068,0,0.29,0.37,0,0,-0.7071068,0,0.29,0.37,0,0,-0.7071068,0
1.421012,3,0,1,0.5409479,0.968946,0.06251326,0.09147926,-0.7278799,0.1215874,0.4470409,1.014168,-0.1840209,0.1102168,0.6387137,0.254545,0.09696573,1.618436,-0.08414827,0.03445022,0.7056915,-0.006506526,0.8055689,1.373922,-0.08414827,0.29,0.37,0,0,-0.7071068,0,0.29,0.37,0,0,-0.7071068,0,0.29,0.37,0,0,-0.7071068,0,0.29,0.37,0,0,-0.7071068,0,0.29,0.37,0,0,-0.7071068,0
1.432736,3,0,1,0.5409475,0.9689293,0.06250098,0.09145102,-0.7278616,0.1215532,0.4470219,1.014175,-0.1840081,0.1101535,0.6387457,0.2545504,0.09699681,1.618409,-0.08418327,0.03446304,0.7056893,-0.006571963,0.8059186,1.379296,-0.08418327,0.29,0.37,0,0,-0.7071068,0,0.29,0.37,0,0,-0.7071068,0,0.29,0.37,0,0,-0.7071068,0,0.29,0.37,0,0,-0.7071068,0,0.29,0.37,0,0,-0.7071068,0
1.454494,3,0,1,0.540998,0.9689332,0.06240264,0.09139096,-0.7278647,0.1215776,0.4470252,1.014087,-0.1840703,0.1102692,0.6386694,0.2546067,0.09702805,1.618395,-0.08418982,0.03449167,0.7057948,-0.006607401,0.8064759,1.390401,-0.08418982,0.29,0.37,0,0,-0.7071068,0,0.29,0.37,0,0,-0.7071068,0,0.29,0.37,0,0,-0.7071068,0,0.29,0.37,0,0,-0.7071068,0,0.29,0.37,0,0,-0.7071068,0
1.466381,3,0,1,0.5409891,0.9689173,0.06238714,0.09136971,-0.7278729,0.1215495,0.4470037,1.014071,-0.1840329,0.1101951,0.6386529,0.2546657,0.09704134,1.618393,-0.08420351,0.03448118,0.7057423,-0.006713674,0.8066834,1.395852,-0.08420351,0.29,0.37,0,0,-0.7071068,0,0.29,0.37,0,0,-0.7071068,0,0.29,0.37,0,0,-0.7071068,0,0.29,0.37,0,0,-0.7071068,0,0.29,0.37,0,0,-0.7071068,0
1.487851,3,0,1,0.5409918,0.9689239,0.0624837,0.09145704,-0.7278636,0.1216007,0.4470783,1.014132,-0.1839602,0.1102737,0.6385692,0.2547909,0.09706309,1.618353,-0.08416981,0.03454877,0.705848,-0.006869895,0.8069692,1.406807,-0.08416981,0.29,0.37,0,0,-0.7071068,0,0.29,0.37,0,0,-0.7071068,0,0.29,0.37,0,0,-0.7071068,0,0.29,0.37,0,0,-0.7071068,0,0.29,0.37,0,0,-0.7071068,0
1.500244,3,0,1,0.5409774,0.9689592,0.06247106,0.09165737,-0.7278627,0.1215145,0.4470907,1.014102,-0.1839462,0.1103494,0.638521,0.2547888,0.09708187,1.618326,-0.08417834,0.03456518,0.7058852,-0.006916579,0.8070563,1.412307,-0.08417834,0.29,0.37,0,0,-0.7071068,0,0.29,0.37,0,0,-0.7071068,0,0.29,0.37,0,0,-0.7071068,0,0.29,0.37,0,0,-0.7071068,0,0.29,0.37,0,0,-0.7071068,0
1.511379,3,0,1,0.5409947,0.9690053,0.06246701,0.09176733,-0.7278692,0.1215475,0.4471025,1.014052,-0.1839412,0.1103478,0.6385699,0.2547089,0.09707361,1.618318,-0.0841792,0.03456831,0.7058758,-0.006995643,0.8070736,1.418439,-0.0841792,0.29,0.37,0,0,-0.7071068,0,0.29,0.37,0,0,-0.7071068,0,0.29,0.37,0,0,-0.7071068,0,0.29,0.37,0,0,-0.7071068,0,0.29,0.37,0,0,-0.7071068,0
1.532865,3,0,1,0.5409839,0.9690139,0.06254211,0.09196774,-0.7278722,0.1214487,0.4470889,1.014115,-0.1839279,0.1102683,0.6385515,0.2546682,0.09707853,1.618308,-0.08425092,0.03461841,0.7059083,-0.006977006,0.8069981,1.428992,-0.08425092,0.29,0.37,0,0,-0.7071068,0,0.29,0.37,0,0,-0.7071068,0,0.29,0.37,0,0,-0.7071068,0,0.29,0.37,0,0,-0.7071068,0,0.29,0.37,0,0,-0.7071068,0
1.554228,3,0,1,0.5409868,0.9690754,0.06254342,0.09181371,-0.7278762,0.1213754,0.4470515,1.014197,-0.1839721,0.110179,0.6386971,0.2546134,0.09701815,1.618296,-0.08430989,0.03455782,0.7059233,-0.007032785,0.8066962,1.439675,-0.08430989,0.29,0.37,0,0,-0.7071068,0,0.29,0.37,0,0,-0.7071068,0,0.29,0.37,0,0,-0.7071068,0,0.29,0.37,0,0,-0.7071068,0,0.29,0.37,0,0,-0.7071068,0
1.5662,3,0,1,0.5409867,0.9690639,0.06256178,0.09176956,-0.7278618,0.1213474,0.4470492,1.014194,-0.1839614,0.1101812,0.6386602,0.2546431,0.09700024,1.618299,-0.08434865,0.03454739,0.7058982,-0.00706353,0.806492,1.445158,-0.08434865,0.29,0.37,0,0,-0.7071068,0,0.29,0.37,0,0,-0.7071068,0,0.29,0.37,0,0,-0.7071068,0,0.29,0.37,0,0,-0.7071068,0,0.29,0.37,0,0,-0.7071068,0
1.587618,4,0,1,0.5409718,0.9690324,0.06253579,0.09163021,-0.7277955,0.1214424,0.4470285,1.014186,-0.1839892,0.1101203,0.6386197,0.2546605,0.09694511,1.618312,-0.08438237,0.03463348,0.7058635,-0.00700807,0.8059343,1.456184,-0.08438237,0.29,0.37,0,0,-0.7071068,0,0.29,0.37,0,0,-0.7071068,0,0.29,0.37,0,0,-0.7071068,0,0.29,0.37,0,0,-0.7071068,0,0.29,0.37,0,0,-0.7071068,0
1.599198,4,0,1,0.5409798,0.9690058,0.06255546,0.09150642,-0.7277815,0.1213855,0.446973,1.01411,-0.1840019,0.1101254,0.6385524,0.2547255,0.09690961,1.618329,-0.08438316,0.03460253,0.7058828,-0.007023511,0.8055831,1.461709,-0.08438316,0.29,0.37,0,0,-0.7071068,0,0.29,0.37,0,0,-0.7071068,0,0.29,0.37,0,0,-0.7071068,0,0.29,0.37,0,0,-0.7071068,0,0.29,0.37,0,0,-0.7071068,0
1.62099,4,0,1,0.5410066,0.9689919,0.06254485,0.09147466,-0.727789,0.1214115,0.4469661,1.014082,-0.1840076,0.1101743,0.6385187,0.2547051,0.0969069,1.618356,-0.08441585,0.0345028,0.7058166,-0.006961105,0.8048229,1.472715,-0.08441585,0.29,0.37,0,0,-0.7071068,0,0.29,0.37,0,0,-0.7071068,0,0.29,0.37,0,0,-0.7071068,0,0.29,0.37,0,0,-0.7071068,0,0.29,0.37,0,0,-0.7071068,0
1.632381,4,0,1,0.5410455,0.9690145,0.06251171,0.0913788,-0.7277683,0.1215116,0.4469848,1.014066,-0.1839696,0.1102192,0.638501,0.2546913,0.09687111,1.618374,-0.08442298,0.03455227,0.7058375,-0.006938494,0.8043423,1.478244,-0.08442298,0.29,0.37,0,0,-0.7071068,0,0.29,0.37,0,0,-0.7071068,0,0.29,0.37,0,0,-0.7071068,0,0.29,0.37,0,0,-0.7071068,0,0.29,0.37,0,0,-0.7071068,0
1.654302,4,0,1,0.5410017,0.9690882,0.0625017,0.09146592,-0.7277775,0.1214987,0.4470329,1.014111,-0.1840116,0.1102597,0.6385676,0.2546474,0.09682807,1.618389,-0.08443826,0.03445589,0.7057911,-0.006830589,0.8032744,1.489336,-0.08443826,0.29,0.37,0,0,-0.7071068,0,0.29,0.37,0,0,-0.7071068,0,0.29,0.37,0,0,-0.7071068,0,0.29,0.37,0,0,-0.7071068,0,0.29,0.37,0,0,-0.7071068,0
1.66571,4,0,1,0.5410449,0.9690129,0.06250027,0.09149102,-0.7277896,0.1215595,0.4470354,1.014132,-0.1840312,0.1102035,0.6386123,0.2545624,0.09676498,1.618455,-0.08433037,0.03434482,0.7058078,-0.006713959,0.8026536,1.494752,-0.08433037,0.29,0.37,0,0,-0.7071068,0,0.29,0.37,0,0,-0.7071068,0,0.29,0.37,0,0,-0.7071068,0,0.29,0.37,0,0,-0.7071068,0,0.29,0.37,0,0,-0.7071068,0
1.687513,4,0,1,0.5410022,0.9690496,0.06248024,0.09157591,-0.7278464,0.1216121,0.447004,1.014256,-0.1839684,0.110189,0.6386307,0.2545445,0.09672952,1.618513,-0.08431635,0.03435204,0.7058176,-0.006580457,0.8013617,1.505653,-0.08431635,0.29,0.37,0,0,-0.7071068,0,0.29,0.37,0,0,-0.7071068,0,0.29,0.37,0,0,-0.7071068,0,0.29,0.37,0,0,-0.7071068,0,0.29,0.37,0,0,-0.7071068,0
1.699528,4,0,1,0.5410131,0.9690434,0.06244317,0.09156823,-0.7278837,0.1215354,0.4469987,1.014273,-0.18397,0.1101873,0.6386414,0.2545422,0.09669673,1.618534,-0.08433578,0.03423849,0.7057667,-0.006482622,0.8006279,1.511167,-0.08433578,0.29,0.37,0,0,-0.7071068,0,0.29,0.37,0,0,-0.7071068,0,0.29,0.37,0,0,-0.7071068,0,0.29,0.37,0,0,-0.7071068,0,0.29,0.37,0,0,-0.7071068,0
1.720759,4,0,1,0.5410396,0.9689956,0.06242266,0.09151071,-0.7278906,0.1216767,0.4469919,1.014307,-0.1839237,0.1102203,0.6385811,0.2545375,0.09664661,1.618565,-0.08435982,0.03412107,0.7058128,-0.006359793,0.7990487,1.522157,-0.08435982,0.29,0.37,0,0,-0.7071068,0,0.29,0.37,0,0,-0.7071068,0,0.29,0.37,0,0,-0.7071068,0,0.29,0.37,0,0,-0.7071068,0,0.29,0.37,0,0,-0.7071068,0
1.732306,4,0,1,0.5411561,0.9690999,0.06242648,0.09139472,-0.7278851,0.1216731,0.4470057,1.014302,-0.183933,0.1101918,0.6385649,0.2545769,0.0965932,1.618635,-0.08434363,0.03418959,0.7057977,-0.006186284,0.7981862,1.527572,-0.08434363,0.29,0.37,0,0,-0.7071068,0,0.29,0.37,0,0,-0.7071068,0,0.29,0.37,0,0,-0.7071068,0,0.29,0.37,0,0,-0.7071068,0,0.29,0.37,0,0,-0.7071068,0
1.743687,4,0,1,0.5411761,0.9691095,0.06242087,0.09135947,-0.7278897,0.1217111,0.4469983,1.014308,-0.1839201,0.1102328,0.6385322,0.2546149,0.09656787,1.618639,-0.08430435,0.03409697,0.7058966,-0.006149534,0.7972603,1.533226,-0.08430435,0.29,0.37,0,0,-0.7071068,0,0.29,0.37,0,0,-0.7071068,0,0.29,0.37,0,0,-0.7071068,0,0.29,0.37,0,0,-0.7071068,0,0.29,0.37,0,0,-0.7071068,0
1.765887,4,0,1,0.5411236,0.9690952,0.06238142,0.09134544,-0.7278322,0.1217157,0.4470177,1.014214,-0.1838969,0.1102198,0.6385693,0.2546214,0.09651831,1.618633,-0.08432023,0.0339362,0.7058837,-0.006044698,0.7953841,1.543878,-0.08432023,0.29,0.37,0,0,-0.7071068,0,0.29,0.37,0,0,-0.7071068,0,0.29,0.37,0,0,-0.7071068,0,0.29,0.37,0,0,-0.7071068,0,0.29,0.37,0,0,-0.7071068,0
1.787421,4,0,1,0.5411069,0.9690496,0.06245843,0.09130023,-0.7278251,0.121695,0.4469941,1.014131,-0.1839837,0.1101747,0.638599,0.2545456,0.09648269,1.618663,-0.08426207,0.03391032,0.7059695,-0.006091492,0.7933058,1.554815,-0.08426207,0.29,0.37,0,0,-0.7071068,0,0.29,0.37,0,0,-0.7071068,0,0.29,0.37,0,0,-0.7071068,0,0.29,0.37,0,0,-0.7071068,0,0.29,0.37,0,0,-0.7071068,0
1.799052,4,0,1,0.5410734,0.9690381,0.06241766,0.09131496,-0.7278012,0.121672,0.446987,1.014121,-0.1839754,0.1101799,0.6385829,0.2545562,0.09646088,1.618659,-0.08424998,0.03379973,0.7059843,-0.006007991,0.7922295,1.560101,-0.08424998,0.29,0.37,0,0,-0.7071068,0,0.29,0.37,0,0,-0.7071068,0,0.29,0.37,0,0,-0.7071068,0,0.29,0.37,0,0,-0.7071068,0,0.29,0.37,0,0,-0.7071068,0
1.821037,4,0,1,0.5410624,0.9689751,0.06245521,0.09128506,-0.7278184,0.1216136,0.4469886,1.014115,-0.1839471,0.1102365,0.6385537,0.2546452,0.09641108,1.61865,-0.0842511,0.0337697,0.705993,-0.005901498,0.7898924,1.570912,-0.0842511,0.29,0.37,0,0,-0.7071068,0,0.29,0.37,0,0,-0.7071068,0,0.29,0.37,0,0,-0.7071068,0,0.29,0.37,0,0,-0.7071068,0,0.29,0.37,0,0,-0.7071068,0
1.832563,4,0,1,0.5410624,0.9689822,0.06247881,0.09123376,-0.7278101,0.1216217,0.4469405,1.014176,-0.1838919,0.110245,0.6384874,0.2547159,0.09638408,1.618647,-0.08422463,0.03379566,0.7060367,-0.005777193,0.788644,1.576369,-0.08422463,0.29,0.37,0,0,-0.7071068,0,0.29,0.37,0,0,-0.7071068,0,0.29,0.37,0,0,-0.7071068,0,0.29,0.37,0,0,-0.7071068,0,0.29,0.37,0,0,-0.7071068,0
1.854279,4,0,1,0.5410457,0.9689691,0.06252196,0.09112751,-0.7277954,0.1215022,0.4469985,1.014189,-0.1839051,0.1102435,0.6384541,0.2547467,0.09634763,1.618664,-0.08416472,0.03373641,0.7059794,-0.005660073,0.7860994,1.587016,-0.08416472,0.29,0.37,0,0,-0.7071068,0,0.29,0.37,0,0,-0.7071068,0,0.29,0.37,0,0,-0.7071068,0,0.29,0.37,0,0,-0.7071068,0,0.29,0.37,0,0,-0.7071068,0
1.865752,4,0,1,0.5410517,0.9689982,0.06254211,0.09119469,-0.7277591,0.1215895,0.4469965,1.014172,-0.183897,0.110253,0.6384285,0.254698,0.09633642,1.618633,-0.0841499,0.03372677,0.7059834,-0.005563303,0.784752,1.592368,-0.0841499,0.29,0.37,0,0,-0.7071068,0,0.29,0.37,0,0,-0.7071068,0,0.29,0.37,0,0,-0.7071068,0,0.29,0.37,0,0,-0.7071068,0,0.29,0.37,0,0,-0.7071068,0
1.887627,4,0,1,0.5410467,0.9689997,0.0625203,0.09120346,-0.727771,0.1216399,0.4469501,1.014203,-0.1838852,0.1102651,0.6384425,0.2547048,0.09628823,1.618639,-0.08410294,0.03365675,0.7059305,-0.005402702,0.7819442,1.602965,-0.08410294,0.29,0.37,0,0,-0.7071068,0,0.29,0.37,0,0,-0.7071068,0,0.29,0.37,0,0,-0.7071068,0,0.29,0.37,0,0,-0.7071068,0,0.29,0.37,0,0,-0.7071068,0
1.900564,4,0,1,0.5409791,0.9689536,0.06254247,0.09115352,-0.7277555,0.1215703,0.4469556,1.014208,-0.1838764,0.1102186,0.6384419,0.2546812,0.09629062,1.618656,-0.08410302,0.03365223,0.7058527,-0.005317449,0.7804775,1.608362,-0.08410302,0.29,0.37,0,0,-0.7071068,0,0.29,0.37,0,0,-0.7071068,0,0.29,0.37,0,0,-0.7071068,0,0.29,0.37,0,0,-0.7071068,0,0.29,0.37,0,0,-0.7071068,0
1.920631,4,0,1,0.5409753,0.9689467,0.06250873,0.09132792,-0.7278031,0.1215984,0.4469509,1.014149,-0.1838872,0.1101713,0.6383865,0.2546808,0.09627235,1.618711,-0.08408048,0.03371001,0.7057546,-0.005206665,0.7774439,1.618974,-0.08408048,0.29,0.37,0,0,-0.7071068,0,0.29,0.37,0,0,-0.7071068,0,0.29,0.37,0,0,-0.7071068,0,0.29,0.37,0,0,-0.7071068,0,0.29,0.37,0,0,-0.7071068,0
1.93238,4,0,1,0.5409873,0.9689438,0.06259504,0.09126742,-0.7277529,0.1216612,0.4469479,1.014223,-0.1839167,0.1101194,0.63836,0.2546863,0.09625357,1.618772,-0.08403889,0.03368773,0.7057243,-0.00514471,0.7758906,1.624183,-0.08403889,0.29,0.37,0,0,-0.7071068,0,0.29,0.37,0,0,-0.7071068,0,0.29,0.37,0,0,-0.7071068,0,0.29,0.37,0,0,-0.7071068,0,0.29,0.37,0,0,-0.7071068,0
1.954217,4,0,1,0.5410095,0.9689435,0.06259945,0.09129348,-0.7277604,0.1216058,0.4469678,1.014254,-0.1839723,0.1101446,0.6385433,0.2546104,0.09625599,1.61887,-0.08403973,0.03328215,0.7056281,-0.004986,0.7725946,1.634893,-0.08403973,0.29,0.37,0,0,-0.7071068,0,0.29,0.37,0,0,-0.7071068,0,0.29,0.37,0,0,-0.7071068,0,0.29,0.37,0,0,-0.7071068,0,0.29,0.37,0,0,-0.7071068,0
1.965433,4,0,1,0.541014,0.9689128,0.06260768,0.09109965,-0.7277727,0.1215219,0.4469776,1.014244,-0.1839875,0.1101574,0.6385869,0.2545916,0.09626845,1.618904,-0.08407413,0.03318445,0.7055605,-0.004976319,0.7709054,1.640185,-0.08407413,0.29,0.37,0,0,-0.7071068,0,0.29,0.37,0,0,-0.7071068,0,0.29,0.37,0,0,-0.7071068,0,0.29,0.37,0,0,-0.7071068,0,0.29,0.37,0,0,-0.7071068,0
1.987329,4,0,1,0.5410151,0.9689125,0.06261042,0.09094407,-0.727689,0.1215621,0.4470194,1.014146,-0.1839309,0.1104505,0.6385499,0.2545344,0.09627891,1.618938,-0.08407045,0.03301007,0.7055797,-0.004964836,0.7674547,1.650505,-0.08407045,0.29,0.37,0,0,-0.7071068,0,0.29,0.37,0,0,-0.7071068,0,0.29,0.37,0,0,-0.7071068,0,0.29,0.37,0,0,-0.7071068,0,0.29,0.37,0,0,-0.7071068,0
1.999087,4,0,1,0.5409595,0.9689654,0.06262937,0.09092723,-0.7276742,0.1214653,0.4470397,1.014204,-0.1838728,0.1105164,0.6385028,0.2545622,0.09627467,1.618956,-0.08404808,0.03298502,0.7057122,-0.00495276,0.7656193,1.655763,-0.08404808,0.29,0.37,0,0,-0.7071068,0,0.29,0.37,0,0,-0.7071068,0,0.29,0.37,0,0,-0.7071068,0,0.29,0.37,0,0,-0.7071068,0,0.29,0.37,0,0,-0.7071068,0
2.020842,4,0,1,0.5409694,0.9689177,0.06256071,0.09084691,-0.7278078,0.1213572,0.4470003,1.014266,-0.183802,0.1104612,0.6382126,0.2548901,0.09624076,1.618962,-0.08408277,0.03312171,0.7057646,-0.004829672,0.7618429,1.666093,-0.08408277,0.29,0.37,0,0,-0.7071068,0,0.29,0.37,0,0,-0.7071068,0,0.29,0.37,0,0,-0.7071068,0,0.29,0.37,0,0,-0.7071068,0,0.29,0.37,0,0,-0.7071068,0
2.03207,4,0,1,0.5409455,0.9690822,0.06259683,0.09093299,-0.7276427,0.1213479,0.4468337,1.014172,-0.1840343,0.110155,0.6384636,0.2548336,0.09508002,1.619667,-0.08383469,0.03124303,0.705752,-0.001766781,0.4504063,0.8049774,-0.08383469,0.29,0.37,0,0,-0.7071068,0,0.29,0.37,0,0,-0.7071068,0,0.29,0.37,0,0,-0.7071068,0,0.29,0.37,0,0,-0.7071068,0,0.29,0.37,0,0,-0.7071068,0
2.043199,4,0,1,0.5409412,0.9690744,0.06259742,0.09091759,-0.7276422,0.1213658,0.446811,1.014163,-0.1840403,0.110128,0.6384416,0.2548265,0.09506598,1.619644,-0.08380296,0.03119497,0.7057604,-0.001950947,0.4503923,0.8049548,-0.08380296,0.29,0.37,0,0,-0.7071068,0,0.29,0.37,0,0,-0.7071068,0,0.29,0.37,0,0,-0.7071068,0,0.29,0.37,0,0,-0.7071068,0,0.29,0.37,0,0,-0.7071068,0
2.054879,4,0,1,0.5409119,0.9690772,0.06259266,0.09085421,-0.7276629,0.121422,0.4468247,1.014147,-0.1839843,0.1101543,0.638412,0.2547939,0.09506962,1.619646,-0.08380784,0.03132351,0.7056759,-0.001961035,0.4551584,0.8077343,-0.08380784,0.29,0.37,0,0,-0.7071068,0,0.29,0.37,0,0,-0.7071068,0,0.29,0.37,0,0,-0.7071068,0,0.29,0.37,0,0,-0.7071068,0,0.29,0.37,0,0,-0.7071068,0
2.076447,4,0,1,0.5408716,0.9691489,0.06267777,0.09079393,-0.7276688,0.1212186,0.4468322,1.014204,-0.1839937,0.1101037,0.6384456,0.2548146,0.0951013,1.619618,-0.08380022,0.03132884,0.705594,-0.001845029,0.4646676,0.8133829,-0.08380022,0.29,0.37,0,0,-0.7071068,0,0.29,0.37,0,0,-0.7071068,0,0.29,0.37,0,0,-0.7071068,0,0.29,0.37,0,0,-0.7071068,0,0.29,0.37,0,0,-0.7071068,0
2.088023,4,0,1,0.5408676,0.9691527,0.0626705,0.09082846,-0.7276664,0.1212663,0.4468177,1.014216,-0.1839899,0.1100331,0.6384487,0.2547782,0.09513679,1.619606,-0.08382947,0.03138968,0.7055817,-0.001922997,0.4693236,0.8162117,-0.08382947,0.29,0.37,0,0,-0.7071068,0,0.29,0.37,0,0,-0.7071068,0,0.29,0.37,0,0,-0.7071068,0,0.29,0.37,0,0,-0.7071068,0,0.29,0.37,0,0,-0.7071068,0
2.109967,4,0,1,0.5409033,0.9692557,0.06265226,0.09077439,-0.7276768,0.1212768,0.4468884,1.014224,-0.1839608,0.1100645,0.6383924,0.2547756,0.09517592,1.619591,-0.08381849,0.03137536,0.7055546,-0.001909924,0.4786558,0.8220597,-0.08381849,0.29,0.37,0,0,-0.7071068,0,0.29,0.37,0,0,-0.7071068,0,0.29,0.37,0,0,-0.7071068,0,0.29,0.37,0,0,-0.7071068,0,0.29,0.37,0,0,-0.7071068,0
2.121299,4,0,1,0.5408992,0.9692664,0.06263784,0.09078008,-0.7276657,0.1212361,0.4468488,1.014294,-0.183881,0.1101876,0.6383826,0.2548458,0.0952073,1.619597,-0.08379504,0.0313475,0.7055126,-0.001884872,0.4834035,0.8251189,-0.08379504,0.29,0.37,0,0,-0.7071068,0,0.29,0.37,0,0,-0.7071068,0,0.29,0.37,0,0,-0.7071068,0,0.29,0.37,0,0,-0.7071068,0,0.29,0.37,0,0,-0.7071068,0
2.143513,4,0,1,0.5409474,0.9692661,0.06271902,0.09073552,-0.7276768,0.121318,0.4469274,1.014286,-0.1839943,0.1102162,0.6384463,0.2547252,0.09526238,1.619611,-0.08378872,0.0314221,0.7055346,-0.001874692,0.4925324,0.831158,-0.08378872,0.29,0.37,0,0,-0.7071068,0,0.29,0.37,0,0,-0.7071068,0,0.29,0.37,0,0,-0.7071068,0,0.29,0.37,0,0,-0.7071068,0,0.29,0.37,0,0,-0.7071068,0
2.165413,4,0,1,0.5409314,0.9692535,0.06272283,0.09078945,-0.7276225,0.1213524,0.4468872,1.014327,-0.1839919,0.1101429,0.6385033,0.2546673,0.09529722,1.619566,-0.08377979,0.03144874,0.7054968,-0.001957107,0.5017285,0.8374032,-0.08377979,0.29,0.37,0,0,-0.7071068,0,0.29,0.37,0,0,-0.7071068,0,0.29,0.37,0,0,-0.7071068,0,0.29,0.37,0,0,-0.7071068,0,0.29,0.37,0,0,-0.7071068,0
2.17685,4,0,1,0.5409551,0.9692255,0.06269386,0.09083714,-0.7276144,0.1213645,0.4469185,1.014299,-0.1839942,0.1100974,0.6384674,0.2546837,0.09532902,1.619556,-0.08375428,0.03149438,0.7055621,-0.001998685,0.5062289,0.8405386,-0.08375428,0.29,0.37,0,0,-0.7071068,0,0.29,0.37,0,0,-0.7071068,0,0.29,0.37,0,0,-0.7071068,0,0.29,0.37,0,0,-0.7071068,0,0.29,0.37,0,0,-0.7071068,0
2.188011,4,0,1,0.5409269,0.9691669,0.06271389,0.09077679,-0.7276626,0.121423,0.4469255,1.014323,-0.1840186,0.1100986,0.6384881,0.2546144,0.09533024,1.619528,-0.08373296,0.03150187,0.7055981,-0.002009873,0.5108378,0.8438084,-0.08373296,0.29,0.37,0,0,-0.7071068,0,0.29,0.37,0,0,-0.7071068,0,0.29,0.37,0,0,-0.7071068,0,0.29,0.37,0,0,-0.7071068,0,0.29,0.37,0,0,-0.7071068,0
2.209775,4,0,1,0.5409152,0.9691392,0.06274453,0.09072254,-0.727716,0.1213994,0.4468368,1.014277,-0.1839171,0.1102387,0.6384755,0.2546851,0.09535873,1.619501,-0.08375028,0.03161261,0.7056176,-0.00216228,0.5195077,0.8501171,-0.08375028,0.29,0.37,0,0,-0.7071068,0,0.29,0.37,0,0,-0.7071068,0,0.29,0.37,0,0,-0.7071068,0,0.29,0.37,0,0,-0.7071068,0,0.29,0.37,0,0,-0.7071068,0
2.221227,4,0,1,0.5409222,0.9691311,0.0627642,0.09065036,-0.7277101,0.1214067,0.4467829,1.014319,-0.183893,0.1102258,0.6384432,0.2547608,0.09536022,1.619485,-0.08371695,0.03172211,0.7057015,-0.002224451,0.5239837,0.8534626,-0.08371695,0.29,0.37,0,0,-0.7071068,0,0.29,0.37,0,0,-0.7071068,0,0.29,0.37,0,0,-0.7071068,0,0.29,0.37,0,0,-0.7071068,0,0.29,0.37,0,0,-0.7071068,0
2.24316,4,0,1,0.5409836,0.9691799,0.06283155,0.09060878,-0.7277075,0.1213497,0.4468126,1.014242,-0.1839017,0.1102333,0.6384765,0.254723,0.09544042,1.619459,-0.08375403,0.03182429,0.7056717,-0.0023224,0.5328329,0.8601846,-0.08375403,0.29,0.37,0,0,-0.7071068,0,0.29,0.37,0,0,-0.7071068,0,0.29,0.37,0,0,-0.7071068,0,0.29,0.37,0,0,-0.7071068,0,0.29,0.37,0,0,-0.7071068,0
2.254571,4,0,1,0.5409661,0.9691957,0.06280366,0.09059352,-0.7277256,0.1213058,0.4468564,1.014281,-0.1838971,0.110253,0.6384841,0.2546678,0.09545955,1.619452,-0.08375698,0.03184634,0.7056459,-0.002485032,0.5371513,0.8635666,-0.08375698,0.29,0.37,0,0,-0.7071068,0,0.29,0.37,0,0,-0.7071068,0,0.29,0.37,0,0,-0.7071068,0,0.29,0.37,0,0,-0.7071068,0,0.29,0.37,0,0,-0.7071068,0
2.265695,4,0,1,0.5409445,0.969161,0.06279925,0.09052624,-0.7276904,0.1212346,0.4468301,1.014303,-0.1838935,0.1101916,0.6385446,0.2546478,0.0954946,1.61945,-0.08378106,0.03201646,0.705582,-0.002636978,0.5415983,0.8670996,-0.08378106,0.29,0.37,0,0,-0.7071068,0,0.29,0.37,0,0,-0.7071068,0,0.29,0.37,0,0,-0.7071068,0,0.29,0.37,0,0,-0.7071068,0,0.29,0.37,0,0,-0.7071068,0
2.287898,4,0,1,0.5409278,0.9691772,0.06273034,0.09054001,-0.7276536,0.121139,0.4468748,1.014226,-0.1839498,0.1102722,0.6385573,0.2546288,0.09558102,1.619411,-0.0837406,0.03224188,0.7056432,-0.002878145,0.5501456,0.8740015,-0.0837406,0.29,0.37,0,0,-0.7071068,0,0.29,0.37,0,0,-0.7071068,0,0.29,0.37,0,0,-0.7071068,0,0.29,0.37,0,0,-0.7071068,0,0.29,0.37,0,0,-0.7071068,0
2.30999,4,0,1,0.5409808,0.969182,0.06269065,0.0904998,-0.7276261,0.1211304,0.4469066,1.014188,-0.1838389,0.1102812,0.638419,0.2546877,0.09571999,1.619346,-0.08370975,0.03253521,0.7055784,-0.003222345,0.558573,0.8809527,-0.08370975,0.29,0.37,0,0,-0.7071068,0,0.29,0.37,0,0,-0.7071068,0,0.29,0.37,0,0,-0.7071068,0,0.29,0.37,0,0,-0.7071068,0,0.29,0.37,0,0,-0.7071068,0
2.32129,4,0,1,0.5409936,0.9691776,0.06267753,0.09055933,-0.7276287,0.1212784,0.4469085,1.014197,-0.1838446,0.1102592,0.6384507,0.2547341,0.09577829,1.619296,-0.08374768,0.03278947,0.7055662,-0.003479606,0.5629027,0.8846043,-0.08374768,0.29,0.37,0,0,-0.7071068,0,0.29,0.37,0,0,-0.7071068,0,0.29,0.37,0,0,-0.7071068,0,0.29,0.37,0,0,-0.7071068,0,0.29,0.37,0,0,-0.7071068,0
2.343193,4,0,1,0.5409598,0.9692148,0.06266585,0.09062434,-0.7276297,0.1212419,0.4468032,1.014204,-0.1839046,0.1103047,0.6384221,0.2547877,0.09588948,1.61911,-0.08372419,0.03323924,0.7054891,-0.003901785,0.571142,0.8916301,-0.08372419,0.29,0.37,0,0,-0.7071068,0,0.29,0.37,0,0,-0.7071068,0,0.29,0.37,0,0,-0.7071068,0,0.29,0.37,0,0,-0.7071068,0,0.29,0.37,0,0,-0.7071068,0
2.354469,4,0,1,0.5409827,0.969219,0.06262901,0.09070764,-0.7276591,0.1212335,0.4468008,1.014149,-0.1839356,0.1103106,0.6384494,0.254796,0.09596661,1.619022,-0.08372429,0.03353713,0.705478,-0.004256064,0.5753524,0.8952957,-0.08372429,0.29,0.37,0,0,-0.7071068,0,0.29,0.37,0,0,-0.7071068,0,0.29,0.37,0,0,-0.7071068,0,0.29,0.37,0,0,-0.7071068,0,0.29,0.37,0,0,-0.7071068,0
2.376515,5,0,1,0.5410159,0.9691899,0.06257406,0.09065948,-0.7276387,0.1212619,0.4468585,1.014207,-0.1839229,0.1103129,0.6384834,0.2547922,0.09614196,1.618782,-0.08372406,0.0342606,0.7053952,-0.00520051,0.5836213,0.9025804,-0.08372406,0.29,0.37,0,0,-0.7071068,0,0.29,0.37,0,0,-0.7071068,0,0.29,0.37,0,0,-0.7071068,0,0.29,0.37,0,0,-0.7071068,0,0.29,0.37,0,0,-0.7071068,0
2.387988,5,0,1,0.5410239,0.9692154,0.0625414,0.0905963,-0.7276629,0.1213333,0.4468413,1.014235,-0.1839175,0.1102474,0.6385093,0.2547651,0.09627637,1.618647,-0.08373875,0.03480708,0.7053284,-0.005942158,0.587709,0.9062081,-0.08373875,0.29,0.37,0,0,-0.7071068,0,0.29,0.37,0,0,-0.7071068,0,0.29,0.37,0,0,-0.7071068,0,0.29,0.37,0,0,-0.7071068,0,0.29,0.37,0,0,-0.7071068,0
2.409883,5,0,1,0.5409912,0.9691477,0.06263354,0.09068812,-0.727622,0.1212832,0.4468587,1.014269,-0.1838641,0.1103412,0.6384236,0.2548062,0.09658918,1.618242,-0.08371321,0.03595063,0.7052379,-0.007391002,0.5958924,0.9134684,-0.08371321,0.29,0.37,0,0,-0.7071068,0,0.29,0.37,0,0,-0.7071068,0,0.29,0.37,0,0,-0.7071068,0,0.29,0.37,0,0,-0.7071068,0,0.29,0.37,0,0,-0.7071068,0
2.422544,5,0,1,0.5410066,0.9691491,0.06268623,0.09065837,-0.727639,0.1212642,0.4468793,1.014303,-0.1838459,0.1104436,0.638387,0.2548625,0.09681207,1.618004,-0.08370044,0.03698337,0.7051737,-0.008470932,0.6000415,0.9171447,-0.08370044,0.29,0.37,0,0,-0.7071068,0,0.29,0.37,0,0,-0.7071068,0,0.29,0.37,0,0,-0.7071068,0,0.29,0.37,0,0,-0.7071068,0,0.29,0.37,0,0,-0.7071068,0
2.443506,5,0,1,0.54094,0.9691802,0.06258824,0.09087152,-0.7276815,0.1213437,0.4468814,1.014259,-0.1837885,0.1105486,0.6383154,0.2550557,0.09727809,1.617353,-0.08366605,0.03915063,0.7049367,-0.01077724,0.6082352,0.9243792,-0.08366605,0.29,0.37,0,0,-0.7071068,0,0.29,0.37,0,0,-0.7071068,0,0.29,0.37,0,0,-0.7071068,0,0.29,0.37,0,0,-0.7071068,0,0.29,0.37,0,0,-0.7071068,0
2.45475,5,0,1,0.5409169,0.9692134,0.06257775,0.09091758,-0.7276796,0.1214674,0.4468363,1.014252,-0.1837618,0.1105742,0.6382558,0.2552098,0.09758174,1.616979,-0.0836627,0.04044465,0.7048216,-0.01213246,0.6124226,0.9280632,-0.0836627,0.29,0.37,0,0,-0.7071068,0,0.29,0.37,0,0,-0.7071068,0,0.29,0.37,0,0,-0.7071068,0,0.29,0.37,0,0,-0.7071068,0,0.29,0.37,0,0,-0.7071068,0
2.47692,5,0,1,0.5408761,0.9692363,0.06254366,0.09120505,-0.727732,0.1216282,0.4468328,1.014228,-0.183845,0.110632,0.6382509,0.2552783,0.09817484,1.616172,-0.08361317,0.04310722,0.7046173,-0.01491919,0.6204263,0.93518,-0.08361317,0.29,0.37,0,0,-0.7071068,0,0.29,0.37,0,0,-0.7071068,0,0.29,0.37,0,0,-0.7071068,0,0.29,0.37,0,0,-0.7071068,0,0.29,0.37,0,0,-0.7071068,0
2.498723,5,0,1,0.5408714,0.9692416,0.06257716,0.09128239,-0.7277407,0.121711,0.4468217,1.014236,-0.1838722,0.1105869,0.6383429,0.2552359,0.09887847,1.615357,-0.08361783,0.04590164,0.7043504,-0.01814312,0.6285638,0.9425635,-0.08361783,0.29,0.37,0,0,-0.7071068,0,0.29,0.37,0,0,-0.7071068,0,0.29,0.37,0,0,-0.7071068,0,0.29,0.37,0,0,-0.7071068,0,0.29,0.37,0,0,-0.7071068,0
2.51004,5,0,1,0.5408636,0.9692713,0.06258491,0.0913042,-0.7277083,0.121614,0.4468525,1.014275,-0.1838775,0.1105991,0.6383829,0.2552157,0.09928158,1.61487,-0.08365328,0.04734119,0.7042455,-0.01987959,0.6325731,0.9461485,-0.08365328,0.29,0.37,0,0,-0.7071068,0,0.29,0.37,0,0,-0.7071068,0,0.29,0.37,0,0,-0.7071068,0,0.29,0.37,0,0,-0.7071068,0,0.29,0.37,0,0,-0.7071068,0
